Servis_1,500
Servis_2,500
Servis_3,500
Servis_4,500
Servis_5,500
Servis_6,500
Servis_7,500
Servis_8,500
Servis_9,500
Servis_10,500
Servis_11,500
Servis_12,500
Servis_13,500
Servis_14,500
Servis_15,500
Servis_16,500
Servis_17,500
Servis_18,500
Servis_19,500
Servis_20,500
Servis_21,500
Servis_22,500
Servis_23,500
Servis_24,500
Servis_25,500
Servis_26,500
Servis_27,500
Servis_28,500
Servis_29,500
Servis_30,500
Servis_31,500
Servis_32,500
Servis_33,500
Servis_34,500
Servis_35,500
Servis_36,500
Servis_37,500
Servis_38,500
Servis_39,500
Servis_40,500
Servis_41,500
Servis_42,500
Servis_43,500
Servis_44,500
Servis_45,500
Servis_46,500
Servis_47,500
Servis_48,500
Servis_49,500
Servis_50,500
Servis_51,500
Servis_52,500
Servis_53,500
Servis_54,500
Servis_55,500
Servis_56,500
Servis_57,500
Servis_58,500
Servis_59,500
Servis_60,500
Servis_61,500
Servis_62,500
Servis_63,500
Servis_64,500
Servis_65,500
Servis_66,500
Servis_67,500
Servis_68,500
Servis_69,500
Servis_70,500
Servis_71,500
Servis_72,500
Servis_73,500
Servis_74,500
Servis_75,500
Servis_76,500
Servis_77,500
Servis_78,500
Servis_79,500
Servis_80,500
Servis_81,500
Servis_82,500
Servis_83,500
Servis_84,500
Servis_85,500
Servis_86,500
Servis_87,500
Servis_88,500
Servis_89,500
Servis_90,500
Servis_91,500
Servis_92,500
Servis_93,500
Servis_94,500
Servis_95,500
Servis_96,500
Servis_97,500
Servis_98,500
Servis_99,500
Servis_100,500
Servis_101,500
Servis_102,500
Servis_103,500
Servis_104,500
Servis_105,500
Servis_106,500
Servis_107,500
Servis_108,500
Servis_109,500
Servis_110,500
Servis_111,500
Servis_112,500
Servis_113,500
Servis_114,500
Servis_115,500
Servis_116,500
Servis_117,500
Servis_118,500
Servis_119,500
Servis_120,500
Servis_121,500
Servis_122,500
Servis_123,500
Servis_124,500
Servis_125,500
Servis_126,500
Servis_127,500
Servis_128,500
Servis_129,500
Servis_130,500
Servis_131,500
Servis_132,500
Servis_133,500
Servis_134,500
Servis_135,500
Servis_136,500
Servis_137,500
Servis_138,500
Servis_139,500
Servis_140,500
Servis_141,500
Servis_142,500
Servis_143,500
Servis_144,500
Servis_145,500
Servis_146,500
Servis_147,500
Servis_148,500
Servis_149,500
Servis_150,500
Servis_151,500
Servis_152,500
Servis_153,500
Servis_154,500
Servis_155,500
Servis_156,500
Servis_157,500
Servis_158,500
Servis_159,500
Servis_160,500
Servis_161,500
Servis_162,500
Servis_163,500
Servis_164,500
Servis_165,500
Servis_166,500
Servis_167,500
Servis_168,500
Servis_169,500
Servis_170,500
Servis_171,500
Servis_172,500
Servis_173,500
Servis_174,500
Servis_175,500
Servis_176,500
Servis_177,500
Servis_178,500
Servis_179,500
Servis_180,500
Servis_181,500
Servis_182,500
Servis_183,500
Servis_184,500
Servis_185,500
Servis_186,500
Servis_187,500
Servis_188,500
Servis_189,500
Servis_190,500
Servis_191,500
Servis_192,500
Servis_193,500
Servis_194,500
Servis_195,500
Servis_196,500
Servis_197,500
Servis_198,500
Servis_199,500
Servis_200,500
Servis_201,500
Servis_202,500
Servis_203,500
Servis_204,500
Servis_205,500
Servis_206,500
Servis_207,500
Servis_208,500
Servis_209,500
Servis_210,500
Servis_211,500
Servis_212,500
Servis_213,500
Servis_214,500
Servis_215,500
Servis_216,500
Servis_217,500
Servis_218,500
Servis_219,500
Servis_220,500
Servis_221,500
Servis_222,500
Servis_223,500
Servis_224,500
Servis_225,500
Servis_226,500
Servis_227,500
Servis_228,500
Servis_229,500
Servis_230,500
Servis_231,500
Servis_232,500
Servis_233,500
Servis_234,500
Servis_235,500
Servis_236,500
Servis_237,500
Servis_238,500
Servis_239,500
Servis_240,500
Servis_241,500
Servis_242,500
Servis_243,500
Servis_244,500
Servis_245,500
Servis_246,500
Servis_247,500
Servis_248,500
Servis_249,500
Servis_250,500
Servis_251,500
Servis_252,500
Servis_253,500
Servis_254,500
Servis_255,500
Servis_256,500
Servis_257,500
Servis_258,500
Servis_259,500
Servis_260,500
Servis_261,500
Servis_262,500
Servis_263,500
Servis_264,500
Servis_265,500
Servis_266,500
Servis_267,500
Servis_268,500
Servis_269,500
Servis_270,500
Servis_271,500
Servis_272,500
Servis_273,500
Servis_274,500
Servis_275,500
Servis_276,500
Servis_277,500
Servis_278,500
Servis_279,500
Servis_280,500
Servis_281,500
Servis_282,500
Servis_283,500
Servis_284,500
Servis_285,500
Servis_286,500
Servis_287,500
Servis_288,500
Servis_289,500
Servis_290,500
Servis_291,500
Servis_292,500
Servis_293,500
Servis_294,500
Servis_295,500
Servis_296,500
Servis_297,500
Servis_298,500
Servis_299,500
Servis_300,500
Servis_301,500
Servis_302,500
Servis_303,500
Servis_304,500
Servis_305,500
Servis_306,500
Servis_307,500
Servis_308,500
Servis_309,500
Servis_310,500
Servis_311,500
Servis_312,500
Servis_313,500
Servis_314,500
Servis_315,500
Servis_316,500
Servis_317,500
Servis_318,500
Servis_319,500
Servis_320,500
Servis_321,500
Servis_322,500
Servis_323,500
Servis_324,500
Servis_325,500
Servis_326,500
Servis_327,500
Servis_328,500
Servis_329,500
Servis_330,500
Servis_331,500
Servis_332,500
Servis_333,500
Servis_334,500
Servis_335,500
Servis_336,500
Servis_337,500
Servis_338,500
Servis_339,500
Servis_340,500
Servis_341,500
Servis_342,500
Servis_343,500
Servis_344,500
Servis_345,500
Servis_346,500
Servis_347,500
Servis_348,500
Servis_349,500
Servis_350,500
Servis_351,500
Servis_352,500
Servis_353,500
Servis_354,500
Servis_355,500
Servis_356,500
Servis_357,500
Servis_358,500
Servis_359,500
Servis_360,500
Servis_361,500
Servis_362,500
Servis_363,500
Servis_364,500
Servis_365,500
Servis_366,500
Servis_367,500
Servis_368,500
Servis_369,500
Servis_370,500
Servis_371,500
Servis_372,500
Servis_373,500
Servis_374,500
Servis_375,500
Servis_376,500
Servis_377,500
Servis_378,500
Servis_379,500
Servis_380,500
Servis_381,500
Servis_382,500
Servis_383,500
Servis_384,500
Servis_385,500
Servis_386,500
Servis_387,500
Servis_388,500
Servis_389,500
Servis_390,500
Servis_391,500
Servis_392,500
Servis_393,500
Servis_394,500
Servis_395,500
Servis_396,500
Servis_397,500
Servis_398,500
Servis_399,500
Servis_400,500
Servis_401,500
Servis_402,500
Servis_403,500
Servis_404,500
Servis_405,500
Servis_406,500
Servis_407,500
Servis_408,500
Servis_409,500
Servis_410,500
Servis_411,500
Servis_412,500
Servis_413,500
Servis_414,500
Servis_415,500
Servis_416,500
Servis_417,500
Servis_418,500
Servis_419,500
Servis_420,500
Servis_421,500
Servis_422,500
Servis_423,500
Servis_424,500
Servis_425,500
Servis_426,500
Servis_427,500
Servis_428,500
Servis_429,500
Servis_430,500
Servis_431,500
Servis_432,500
Servis_433,500
Servis_434,500
Servis_435,500
Servis_436,500
Servis_437,500
Servis_438,500
Servis_439,500
Servis_440,500
Servis_441,500
Servis_442,500
Servis_443,500
Servis_444,500
Servis_445,500
Servis_446,500
Servis_447,500
Servis_448,500
Servis_449,500
Servis_450,500
Servis_451,500
Servis_452,500
Servis_453,500
Servis_454,500
Servis_455,500
Servis_456,500
Servis_457,500
Servis_458,500
Servis_459,500
Servis_460,500
Servis_461,500
Servis_462,500
Servis_463,500
Servis_464,500
Servis_465,500
Servis_466,500
Servis_467,500
Servis_468,500
Servis_469,500
Servis_470,500
Servis_471,500
Servis_472,500
Servis_473,500
Servis_474,500
Servis_475,500
Servis_476,500
Servis_477,500
Servis_478,500
Servis_479,500
Servis_480,500
Servis_481,500
Servis_482,500
Servis_483,500
Servis_484,500
Servis_485,500
Servis_486,500
Servis_487,500
Servis_488,500
Servis_489,500
Servis_490,500
Servis_491,500
Servis_492,500
Servis_493,500
Servis_494,500
Servis_495,500
Servis_496,500
Servis_497,500
Servis_498,500
Servis_499,500
Servis_500,500
Servis_501,500
Servis_502,500
Servis_503,500
Servis_504,500
Servis_505,500
Servis_506,500
Servis_507,500
Servis_508,500
Servis_509,500
Servis_510,500
Servis_511,500
Servis_512,500
Servis_513,500
Servis_514,500
Servis_515,500
Servis_516,500
Servis_517,500
Servis_518,500
Servis_519,500
Servis_520,500
Servis_521,500
Servis_522,500
Servis_523,500
Servis_524,500
Servis_525,500
Servis_526,500
Servis_527,500
Servis_528,500
Servis_529,500
Servis_530,500
Servis_531,500
Servis_532,500
Servis_533,500
Servis_534,500
Servis_535,500
Servis_536,500
Servis_537,500
Servis_538,500
Servis_539,500
Servis_540,500
Servis_541,500
Servis_542,500
Servis_543,500
Servis_544,500
Servis_545,500
Servis_546,500
Servis_547,500
Servis_548,500
Servis_549,500
Servis_550,500
Servis_551,500
Servis_552,500
Servis_553,500
Servis_554,500
Servis_555,500
Servis_556,500
Servis_557,500
Servis_558,500
Servis_559,500
Servis_560,500
Servis_561,500
Servis_562,500
Servis_563,500
Servis_564,500
Servis_565,500
Servis_566,500
Servis_567,500
Servis_568,500
Servis_569,500
Servis_570,500
Servis_571,500
Servis_572,500
Servis_573,500
Servis_574,500
Servis_575,500
Servis_576,500
Servis_577,500
Servis_578,500
Servis_579,500
Servis_580,500
Servis_581,500
Servis_582,500
Servis_583,500
Servis_584,500
Servis_585,500
Servis_586,500
Servis_587,500
Servis_588,500
Servis_589,500
Servis_590,500
Servis_591,500
Servis_592,500
Servis_593,500
Servis_594,500
Servis_595,500
Servis_596,500
Servis_597,500
Servis_598,500
Servis_599,500
Servis_600,500
Servis_601,500
Servis_602,500
Servis_603,500
Servis_604,500
Servis_605,500
Servis_606,500
Servis_607,500
Servis_608,500
Servis_609,500
Servis_610,500
Servis_611,500
Servis_612,500
Servis_613,500
Servis_614,500
Servis_615,500
Servis_616,500
Servis_617,500
Servis_618,500
Servis_619,500
Servis_620,500
Servis_621,500
Servis_622,500
Servis_623,500
Servis_624,500
Servis_625,500
Servis_626,500
Servis_627,500
Servis_628,500
Servis_629,500
Servis_630,500
Servis_631,500
Servis_632,500
Servis_633,500
Servis_634,500
Servis_635,500
Servis_636,500
Servis_637,500
Servis_638,500
Servis_639,500
Servis_640,500
Servis_641,500
Servis_642,500
Servis_643,500
Servis_644,500
Servis_645,500
Servis_646,500
Servis_647,500
Servis_648,500
Servis_649,500
Servis_650,500
Servis_651,500
Servis_652,500
Servis_653,500
Servis_654,500
Servis_655,500
Servis_656,500
Servis_657,500
Servis_658,500
Servis_659,500
Servis_660,500
Servis_661,500
Servis_662,500
Servis_663,500
Servis_664,500
Servis_665,500
Servis_666,500
Servis_667,500
Servis_668,500
Servis_669,500
Servis_670,500
Servis_671,500
Servis_672,500
Servis_673,500
Servis_674,500
Servis_675,500
Servis_676,500
Servis_677,500
Servis_678,500
Servis_679,500
Servis_680,500
Servis_681,500
Servis_682,500
Servis_683,500
Servis_684,500
Servis_685,500
Servis_686,500
Servis_687,500
Servis_688,500
Servis_689,500
Servis_690,500
Servis_691,500
Servis_692,500
Servis_693,500
Servis_694,500
Servis_695,500
Servis_696,500
Servis_697,500
Servis_698,500
Servis_699,500
Servis_700,500
Servis_701,500
Servis_702,500
Servis_703,500
Servis_704,500
Servis_705,500
Servis_706,500
Servis_707,500
Servis_708,500
Servis_709,500
Servis_710,500
Servis_711,500
Servis_712,500
Servis_713,500
Servis_714,500
Servis_715,500
Servis_716,500
Servis_717,500
Servis_718,500
Servis_719,500
Servis_720,500
Servis_721,500
Servis_722,500
Servis_723,500
Servis_724,500
Servis_725,500
Servis_726,500
Servis_727,500
Servis_728,500
Servis_729,500
Servis_730,500
Servis_731,500
Servis_732,500
Servis_733,500
Servis_734,500
Servis_735,500
Servis_736,500
Servis_737,500
Servis_738,500
Servis_739,500
Servis_740,500
Servis_741,500
Servis_742,500
Servis_743,500
Servis_744,500
Servis_745,500
Servis_746,500
Servis_747,500
Servis_748,500
Servis_749,500
Servis_750,500
Servis_751,500
Servis_752,500
Servis_753,500
Servis_754,500
Servis_755,500
Servis_756,500
Servis_757,500
Servis_758,500
Servis_759,500
Servis_760,500
Servis_761,500
Servis_762,500
Servis_763,500
Servis_764,500
Servis_765,500
Servis_766,500
Servis_767,500
Servis_768,500
Servis_769,500
Servis_770,500
Servis_771,500
Servis_772,500
Servis_773,500
Servis_774,500
Servis_775,500
Servis_776,500
Servis_777,500
Servis_778,500
Servis_779,500
Servis_780,500
Servis_781,500
Servis_782,500
Servis_783,500
Servis_784,500
Servis_785,500
Servis_786,500
Servis_787,500
Servis_788,500
Servis_789,500
Servis_790,500
Servis_791,500
Servis_792,500
Servis_793,500
Servis_794,500
Servis_795,500
Servis_796,500
Servis_797,500
Servis_798,500
Servis_799,500
Servis_800,500
Servis_801,500
Servis_802,500
Servis_803,500
Servis_804,500
Servis_805,500
Servis_806,500
Servis_807,500
Servis_808,500
Servis_809,500
Servis_810,500
Servis_811,500
Servis_812,500
Servis_813,500
Servis_814,500
Servis_815,500
Servis_816,500
Servis_817,500
Servis_818,500
Servis_819,500
Servis_820,500
Servis_821,500
Servis_822,500
Servis_823,500
Servis_824,500
Servis_825,500
Servis_826,500
Servis_827,500
Servis_828,500
Servis_829,500
Servis_830,500
Servis_831,500
Servis_832,500
Servis_833,500
Servis_834,500
Servis_835,500
Servis_836,500
Servis_837,500
Servis_838,500
Servis_839,500
Servis_840,500
Servis_841,500
Servis_842,500
Servis_843,500
Servis_844,500
Servis_845,500
Servis_846,500
Servis_847,500
Servis_848,500
Servis_849,500
Servis_850,500
Servis_851,500
Servis_852,500
Servis_853,500
Servis_854,500
Servis_855,500
Servis_856,500
Servis_857,500
Servis_858,500
Servis_859,500
Servis_860,500
Servis_861,500
Servis_862,500
Servis_863,500
Servis_864,500
Servis_865,500
Servis_866,500
Servis_867,500
Servis_868,500
Servis_869,500
Servis_870,500
Servis_871,500
Servis_872,500
Servis_873,500
Servis_874,500
Servis_875,500
Servis_876,500
Servis_877,500
Servis_878,500
Servis_879,500
Servis_880,500
Servis_881,500
Servis_882,500
Servis_883,500
Servis_884,500
Servis_885,500
Servis_886,500
Servis_887,500
Servis_888,500
Servis_889,500
Servis_890,500
Servis_891,500
Servis_892,500
Servis_893,500
Servis_894,500
Servis_895,500
Servis_896,500
Servis_897,500
Servis_898,500
Servis_899,500
Servis_900,500
Servis_901,500
Servis_902,500
Servis_903,500
Servis_904,500
Servis_905,500
Servis_906,500
Servis_907,500
Servis_908,500
Servis_909,500
Servis_910,500
Servis_911,500
Servis_912,500
Servis_913,500
Servis_914,500
Servis_915,500
Servis_916,500
Servis_917,500
Servis_918,500
Servis_919,500
Servis_920,500
Servis_921,500
Servis_922,500
Servis_923,500
Servis_924,500
Servis_925,500
Servis_926,500
Servis_927,500
Servis_928,500
Servis_929,500
Servis_930,500
Servis_931,500
Servis_932,500
Servis_933,500
Servis_934,500
Servis_935,500
Servis_936,500
Servis_937,500
Servis_938,500
Servis_939,500
Servis_940,500
Servis_941,500
Servis_942,500
Servis_943,500
Servis_944,500
Servis_945,500
Servis_946,500
Servis_947,500
Servis_948,500
Servis_949,500
Servis_950,500
Servis_951,500
Servis_952,500
Servis_953,500
Servis_954,500
Servis_955,500
Servis_956,500
Servis_957,500
Servis_958,500
Servis_959,500
Servis_960,500
Servis_961,500
Servis_962,500
Servis_963,500
Servis_964,500
Servis_965,500
Servis_966,500
Servis_967,500
Servis_968,500
Servis_969,500
Servis_970,500
Servis_971,500
Servis_972,500
Servis_973,500
Servis_974,500
Servis_975,500
Servis_976,500
Servis_977,500
Servis_978,500
Servis_979,500
Servis_980,500
Servis_981,500
Servis_982,500
Servis_983,500
Servis_984,500
Servis_985,500
Servis_986,500
Servis_987,500
Servis_988,500
Servis_989,500
Servis_990,500
Servis_991,500
Servis_992,500
Servis_993,500
Servis_994,500
Servis_995,500
Servis_996,500
Servis_997,500
Servis_998,500
Servis_999,500
Servis_1000,500
